{"last_download_success": 1645744174.3806348, "unseen_downloads": [], "last_download_failure": 1645745493.0222218}